-- phpMyAdmin SQL Dump
-- version 2.11.9.3
-- http://www.phpmyadmin.net
--
-- Host: localhost
-- Erstellungszeit: 22. November 2009 um 15:46
-- Server Version: 5.0.67
-- PHP-Version: 5.2.6

SET SQL_MODE="NO_AUTO_VALUE_ON_ZERO";

--
-- Datenbank: `fattinge_lucius`
--

-- --------------------------------------------------------

--
-- Tabellenstruktur für Tabelle `angebote`
--

CREATE TABLE IF NOT EXISTS `angebote` (
  `id` int(11) NOT NULL auto_increment,
  `Titel` varchar(200) default NULL,
  `Autor` varchar(300) default NULL,
  `Art` varchar(100) default NULL,
  `Sprache` varchar(150) default NULL,
  `Beschreibung` text,
  `Preis` varchar(8) default NULL,
  `Anbieter` varchar(200) default NULL,
  `suche` varchar(10) NOT NULL default 'off',
  PRIMARY KEY  (`id`)
) ENGINE=MyISAM  DEFAULT CHARSET=latin1 AUTO_INCREMENT=160 ;

--
-- Daten für Tabelle `angebote`
--

INSERT INTO `angebote` (`id`, `Titel`, `Autor`, `Art`, `Sprache`, `Beschreibung`, `Preis`, `Anbieter`, `suche`) VALUES
(59, 'Die Erde - unser Lebensraum', 'Astrid Kugler, dipl. geogr.', 'Schulbuch', 'Deutsch', 'Die Lebensräume der Menschen (ohne Europa)\r\nDie natürlichen Grundlagen\r\nHerausforderungen der Gegenwart', '30.00', 'dynah.dercole', 'off'),
(29, 'Der Passfälscher', 'Schönhaus, Cioma', 'Literatur', 'Deutsch', 'Cioma Schönhaus erzählt aus seinem Leben im Berlin der Nazizeit. Um der Deportation zu entkommen geht er in den Untergrund und nutzt seine Begabung als Grafiker, um Menschen mittels gefälschter Pässe vor dem Tod zu bewahren.\r\n237 Seiten', '6.00', 'lucius.bachmann', 'off'),
(153, 'Sakrileg', 'Brown Dan', 'Literatur', 'Deutsch', '&quot;Eine entstellte Leiche im Louvre...Rätselhafte Zeichen in den Werken Leonardo da Vincis...Eine mächtige Geheimgesellschaft!&quot;\r\nDer Bestseller-Roman über die grösste Verschwörung der letzten 2000 Jahren, vom Autor von Illuminati!\r\n-&gt;Gebundene Ausgabe, guter Zustand', '12.00', 'raphael.uster', 'off'),
(27, 'Cliff und der Taschendieb', 'Jenni, Paul', 'Bilderbuch', 'Deutsch', 'Eine Lausbuben-Detektivgeschichte auf 150 Seiten.', '1.00', 'lucius.bachmann', 'off'),
(26, 'Foul Play - Falsches Spiel', 'Hagemann, Bernhard', 'Schulbuch', 'Deutsch und Englisch', 'Eigentlich eine Story für Kinder, die Dialoge sind aber in Englisch verfasst. Perfekt als erste Englischlektüre.\r\nMit Vokabularangaben unten an der Seite.\r\n127 Seiten', '2.00', 'lucius.bachmann', 'off'),
(25, 'Ein fast perfekter Coup', 'Bock, Gisela L.', 'Schulbuch', 'Englisch', 'Ein kleiner Thriller zum Englischlernen\r\n, mit vielen Übungen und natürlich den Lösungen\r\ndazu', '1.00', 'lucius.bachmann', 'off'),
(24, 'Die Orks', 'Nicholls, Stan', 'Literatur', 'Deutsch', 'Stan Nicholls beschreibt in seinem Roman\r\nauf 800 Seiten sehr detailliert das\r\nAbenteuer einer Truppe Orks, die\r\nsich gegen ihre Befehlshaberin wenden ', '10.00', 'lucius.bachmann', 'off'),
(30, 'Cry Freedom', 'John Briley', 'Schulbuch', 'Englisch', 'Ein Buch über die korrupte Rassentrennung in Afrika', '3.-', 'mladen.ivkovic', 'off'),
(67, 'Geheimversteck Hotel Atlantic', 'Elias, Mirjam', 'Literatur', 'Deutsch', 'Eine wahre Geschichte aus dem 2. Weltkrieg über ein Hotel in Amsterdam, das sich knapp an den Repessalien der Nazis vorbeischlängelt, und doch Radio Oranje hört.', '10.00', 'lucius.bachmann', 'off'),
(65, 'Zeiten Menschen Kulturen 1', 'k. A.', 'Schulbuch', 'Deutsch', 'zustand ok, leicht beschädigt', '8.00', 'clemens.bachmann', 'off'),
(66, 'Die neue Al-Quaida-Innenansichten eines lernenden Terrornetzwerks', 'Musharbash, Yassin', 'Sachbuch', 'Deutsch', 'Eine ausführliche Beschreibung der neuen Al-Quaida, laut Yassin Musharbash ein aus autonomen Zellen bestehender Terror der Moderne', '10.00', 'lucius.bachmann', 'off'),
(64, 'Sprachwelt Deutsch Werkbuch', 'k. A.', 'Schulbuch', 'Deutsch', 'gut erhalten', '7.00', 'clemens.bachmann', 'off'),
(63, 'Sprachwelt Deutsch Sachbuch', 'k. A.', 'Schulbuch', 'Deutsch', 'gut erhalten\r\n', '10.00', 'clemens.bachmann', 'off'),
(61, 'Physik anwenden und verstehen', 'Deutschschweizer Physikkommission', 'Schulbuch', 'Deutsch', 'Ist in perfektem Zustand', '15.00', 'Alexander.Keiser', 'off'),
(62, 'Schweizer Weltatlas', 'k. A.', 'Schulbuch', 'Deutsch', 'Ausgabe 2006\r\ngut erhalten', '12.00', 'clemens.bachmann', 'off'),
(68, 'Return to Sender', 'Stieper, Frank', 'Literatur', 'Deutsch', 'Ein Hackerthriller:\r\nKevin Stillers Vater kommt bei einem Autounfall ums Leben. Aber kurz vor dem Unfall hat der Vater seinem Sohn eine geheimnissvolle CD mit Oldies geschickt. Sind da nur Oldies drauf?\r\nWar es ein Unfall?, diese Fragen versucht Stiller zu klären', '10.00', 'lucius.bachmann', 'off'),
(69, 'The Bourne Supremacy', 'Ludlum, Robert', 'Literatur', 'Englisch', 'Ein Spionagethriller über hohe CIA-Beamte, korrupte chinesische KP-Kader und so weiter.\r\nHat überhaupt nichts mit dem Film The Bourne Supremacy zu tun.\r\n646 Seiten.', '5.00', 'lucius.bachmann', 'off'),
(70, 'Kartoffelkäferzeiten', 'Maar, Paul', 'Literatur', 'Deutsch', 'In den Jahren nach dem 2. Weltkrieg ist alles knapp, auch im Wirtshaus der Familie von Johanna.\r\nWarum sie Manni nicht mehr sehen soll versteht sie auch nicht, wie vieles in dieser Zeit, in der Europa nach dem Sturm des Faschismus wieder aufgebaut wird.', '7.00', 'lucius.bachmann', 'off'),
(71, 'Das Geheimnis des Kartenmachers', 'Schröder, Rainer M.', 'Literatur', 'Deutsch', 'Wir befinden uns im Jahre 1490, der Zeit der grossen Entdeckungen von Heinrich dem Seefahrer, der Kap-Umseglungen von Bartolomeu Diaz.\r\nNachdem Caspar es sich mit dem Domherren verspielt hat, findet er eine Stelle beim Kupferstecher Wolkenstein. Sein neuer Meister lebt und arbeitet im Verborgenen und seine Werkstatt birgt ein gefährliches Geheimniss\r\n422 Seiten', '8.00', 'lucius.bachmann', 'off'),
(72, 'Panzers- Phase One', 'Stormregion, CDV', 'Computerspiel', 'Deutsch', 'Anspruchsvolles Echzeit-Taktik Spiel, bei dem der Spieler Armeen der Sowjetunion, der USA und des Dritten Reiches befehligt.', '15.50', 'andreas.elsener', 'off'),
(73, 'Le Robert Micro', 'Rey, Alain', 'Schulbuch', 'Französisch', 'Französisches Wörterbuch, ideal für Schüler ab der dritten Klasse. Das Vokabular darin sollte bis zu 6. Klasse ausreichend sein.', '10.00', 'andreas.elsener', 'off'),
(74, 'Musik Sekundarstufe 1', 'Verlag Schweizer Singbuch Oberstufe', 'Schulbuch', 'Deutsch', '2001 herausgegeben, Buch ist in sehr gutem Zustand', '19.00', 'sabrina.maurer', 'off'),
(75, 'Algebra', 'Deller/Gebauer/Zinn', 'Schulbuch', 'Deutsch', 'Verlag: orell füssli, 3. Auflage 2004, Buch ist wie neu', '14.00', 'sabrina.maurer', 'off'),
(76, 'Forum Geschichte 1', 'Cornelsen Verlag', 'Schulbuch', 'Deutsch', '1. Auflage 2000, Buch ist wie neu', '19.00', 'sabrina.maurer', 'off'),
(77, 'Finale 2006 - Einstieg in die Praxis', 'Schwalgin, Stefan', 'Sachbuch', 'Deutsch', 'In diesem Buch findet man nützliche Informationen und Tipps zum Kompnierprogramm Finale. Alles ist übersichtlich dargestellt auf 250 Seiten. \r\n- Noch nicht gebracht, wie neu - ', '6.00', 'thomas.melc', 'off'),
(78, 'Biologie', 'Interkantonale Lehrmittelzentrale', 'Schulbuch', 'Deutsch', 'Lehrmittelverlag des Kantons Zürich, 4. Ausgabe 2003, korrigiert (1997), Buch ist wie neu', '14.00', 'sabrina.maurer', 'off'),
(79, 'Envol 7', 'Interkantonale Lehrmittelzentrale', 'Schulbuch', 'Deutsch', 'Lehrmittelverlag des Kantons Zürich, 4. Ausgabe 2004, korrigiert (2002), Buch ist in sehr gutem Zustand!', '13.00', 'sabrina.maurer', 'off'),
(80, 'Envol 8', 'Interkantonale Lehrmittelzentrale', 'Schulbuch', 'Deutsch', 'Lehrmittelverlag des Kantons Zürich, 4. Ausgabe 2005, korrigiert (2004), Buch ist in sehr gutem Zustand!', '13.00', 'sabrina.maurer', 'off'),
(81, 'Musik um uns (Sekundarbereich II)', 'Metzler', 'Schulbuch', 'Deutsch', 'Epochen und Stile der Musik und die Anatomie der Musik\r\nDas Buch ist neu!', '45.00', 'stefania.maio', 'off'),
(82, 'Algebra 2', 'Deller/Gebauer/Zinn', 'Schulbuch', 'Deutsch', 'Buch mit Mathematikaufgaben, Das Buch ist neu!', '20.00', 'stefania.maio', 'off'),
(83, 'Découvertes 1', 'Klett und Balmer Verlag Zug', 'Schulbuch', 'Französisch', 'Das Buch ist praktisch neu!\r\n\r\n', '20.00', 'stefania.maio', 'off'),
(84, 'Geschichte und Geschehen Band 2', 'Baden-Wüttemberg Verlag', 'Schulbuch', 'Deutsch', 'Buch in ist wie neu!', '15.00', 'stefania.maio', 'off'),
(85, 'Geschichtsbuch 1 (Neue Ausgabe)', 'Cornelsen', 'Schulbuch', 'Deutsch', 'Die Menschen und ihre Geschichte in Darstellungen und Dokumenten. Von der Urgeschichte bis zum Beginn des Mittelalters. Das Buch ist neu!', '30.00', 'stefania.maio', 'off'),
(86, 'Physik in einem Band', 'Dorn, Bader', 'Schulbuch', 'Deutsch', 'Das Buch wurde noch nie benutzt!', '50.00', 'stefania.maio', 'off'),
(87, 'Texte 2 Oberstufe', 'Kunz/Rennhard', 'Schulbuch', 'Deutsch', 'Buch mit Kurzgeschichten zu verschiedenen Themen. Das Buch wurde nie benutzt und ist neu!', '20.00', 'stefania.maio', 'off'),
(88, 'Don Camillo', 'Guareschi', 'Literatur', 'Deutsch', 'Suche alle Don Camillo Bücher.\r\nHabe schon:\r\nDon Camillo und die Rothaarige,\r\nGenosse Don Camillo,\r\nDon Camillo und Peppone.', '10.00', 'lucius.bachmann', 'on'),
(89, 'Physik für die Sekundarstufe I', 'Cornelsen', 'Schulbuch', 'Deutsch', 'Alles über Physik!', '10.00', 'stefania.maio', 'off'),
(90, 'Arithmetik und Algebra 1', 'Cotter/Durandi/Frei/Schuppli', 'Schulbuch', 'Deutsch', 'Mathematikaufgaben, Ich habe zwei Bücher davon, die komplett neu sind!', '20.00', 'stefania.maio', 'off'),
(91, 'Starsky&amp;Hutch', 'k.A.', 'Film', 'Deutsch und Englisch', 'DVD, sehr guter Zustand. Wurde 2x gesehen. Keine Kratzer. Es ist der Kinofilm zur TV-Serie.\r\nJahr 2004; PAL 2; Hauptfilm ca. 96min.\r\nInkl. div Extras, u.a. Pannen; zusätzliche Szenen.\r\nIn den Hauptrollen Ben Stiller; Owen Wilson.\r\nUntertitel: D, E, F, I, S, Türkisch.', '10.00', 'pascal.bebie', 'off'),
(92, 'Blade (1)', 'k.A.', 'Film', 'Deutsch', 'DVD, 2x geschaut, PAL 2, keinerlei Kratzer. Länge: 106min; dies ist die um ca. 10 min gekürzte FSK 16 Fassung. Nicht mehr erhältlich im Laden. Fantastischer Actionfilm mit genügend Blut. Hauptdarsteller: Wesley Snipes', '11.00', 'pascal.bebie', 'off'),
(94, 'Blade Trinity', 'k.A.', 'Film', 'Deutsch und Englisch DD 5.1', 'DVD, 1x gesehen, wie neu. Disc und Cover vollständig ohne Gebrauchsspuren. PAL 2, Länge 108min, Uncut-Fassung. Hauptdarsteller: Wesley Snipes, Jessica Biel, Ryan Reynolds. Untertitel: D;E. Super guter Actionfilm mit Blut und einer Priese Humor.', '15.00', 'pascal.bebie', 'off'),
(95, 'Physikduden', 'Duden', 'Nachschlagewerk', 'Deutsch', 'egal wie kaputt eifach ned zu tüür und ned z vill inegschribe', '9.00', 'clemens.bachmann', 'on'),
(96, 'FCE Language Practise', 'Emmerson Paul', 'Schulbuch', 'Deutsch', 'Ich sueche da ds änglisch üebigsbuech.. ha s verlore^^ Isch egal wen scho driigschribe isch...\r\n\r\nmerci!!', '20.00', 'noam.gallmann', 'on'),
(97, 'Choc de Cultures', 'Hallum Annette / Louveau Marc-Olivier', 'Literatur', 'Französisch', '-Teen Readers Buch Niveau 4, avec un vocabulaire de 1400-1800 mots\r\n-wird in 3./4. Klasse im  Französisch-Unterricht gelesen', '5.00', 'raphael.uster', 'off'),
(98, 'Die Begnadigung', 'Grisham John', 'Literatur', 'Deutsch', 'Spannender Thriller über die Begnadigung eines berüchtigten Wirtschaftskriminellen. \r\n478 Seiten, guter Zustand, jedoch gebraucht!\r\nHabe noch viele andere Bücher von Grisham oder z.Bsp. Robert Ludlum, bitte e-mail an Schuladresse bei Wunsch', '10.00', 'raphael.uster', 'off'),
(99, 'Der Mann, der niemals lebte', 'Ignatius David', 'Literatur', 'Deutsch', 'Der Mann, der niemals lebte ist ein fantastischer Spionage-Thriller über Bombenattentate, die CIA und ein geschicktes Täuschungsmanöver.\r\n474 Seiten, gebrauchter, aber guter Zustand, wurde verfilmt (Body of Lies mit DiCaprio)', '12.00', 'raphael.uster', 'off'),
(100, 'Der Verrat / Die Gefahr', 'Flynn Vince', 'Literatur', 'Deutsch', '2 Spionage-Thriller, im Stil von Robert Ludlum, über Geheimdienste, Terroristen und Geheimnissen.\r\nDer Verrat: 427 Seiten\r\nDie Gefahr: 541 Seiten\r\n!!Achtung: 1 Buch 10.-, beide Bücher 16.-', '10.00', 'raphael.uster', 'off'),
(101, 'Bluttat', 'Kellermann Jonathan', 'Literatur', 'Deutsch', 'Einen psychologischen Thriller mit Dr. Alex Delaware über zwei Männer, die als Teenager einen Mord begangen haben.\r\n475 Seiten, guter Zustand', '13.00', 'raphael.uster', 'off'),
(102, 'Der letzte Coup', 'Twining James', 'Literatur', 'Deutsch', 'Ausgezeichneter Spionage-Thriller über die junge FBI-Agentin, die zusammen mit Tom Kirk, einem Meisterdieb, ein Verbrechen aufklären soll, welches Kirk nach Ansicht der CIA begangen haben soll!\r\n415 Seiten, guter Zustand', '14.00', 'raphael.uster', 'off'),
(142, 'Felix - Das Begleitbuch', 'C.C.Buchner', 'Schulbuch', 'Latein', 'Das dazugehörige Begleitbuch zum normalen Unterrichtsbuch.\r\nIm Begleitbuch ist eine Grammatikübersicht. Alles nochmals einfach erklärt. Ausserdem zu jeder Lektion die neuen Vokabeln.\r\nNie gebraucht -wie neu!', '10.00', 'jacqueline.haller', 'off'),
(141, 'Felix - Das Lateinbuch', 'C.C.Buchner', 'Schulbuch', 'Latein', 'Das Lateinbuch für die 1. und 2. Klasse.\r\nTeilweise einige kleine Notizen hineingeschrieben.', '8.00', 'jacqueline.haller', 'off'),
(140, 'Schweiz, das GG Buch', 'Burri, Klaus', 'Schulbuch', 'Deutsch', 'Musste selber 30.- bezahlen für dieses Buch.\r\nMan braucht es entweder in der 1., 2. oder 3. Klasse für die Geographie', '5.00', 'lucius.bachmann', 'off'),
(139, 'Wirtschaft und Recht', 'Wirtschaftsfachleute', 'Schulbuch', 'Deutsch', 'Das Buch für das Fach Wirtschaft und Recht.\r\nDer Buchdeckel ist etwas ramponiert, der Inhalt aber unversehrt', '5.00', 'lucius.bachmann', 'off'),
(138, 'Felix das Lateinbuch', 'verschiedene Altphilologen', 'Schulbuch', 'Latein', 'Das Lateinbuch für die 1. und 2. Klasse.\r\nEin paar Anmerkungen sind schon von mir reingekritzelt.', '2.00', 'lucius.bachmann', 'off'),
(136, 'Caesar - De Bello Gallico', 'Vogel, Jörgen', 'Schulbuch', 'Latein', 'Ausgewählte Texte von Caesars berühmtestem Werk.\r\nAnmerkungen und Hintergrundtexte in Deutsch', '5.00', 'lucius.bachmann', 'off'),
(137, 'Der geteilte Himmer', 'Christa Wolf', 'Schulbuch', 'Deutsch', 'Eine ergreifende Geschichte über ein Liebespaar in der DDR zur Zeit des Bitterfelder Weges', '5.00', 'lucius.bachmann', 'off'),
(143, 'Découvertes 2', 'Klett und Balmer Verlag Zug', 'Schulbuch', 'Französisch', 'In gutem Zustand. Ich habe wenige Aufgaben direkt ins Buch gelöst, kommt jedoch sehr selten vor.', '8.00', 'jacqueline.haller', 'off'),
(144, 'Spanischduden', 'Duden', 'Nachschlagewerk', 'Deutsch', 'Es muss nicht im perfekten Zustand sein aber bitte nicht zu teuer!', '10.00', 'kieutrang.tran', 'on'),
(150, 'Der geteilte Himmel', 'Christa Wolf', 'Literatur', 'Deutsch', 'Buch über die DDR-Zeit. In gutem Zustand (nur leichte Gebrauchsspuren).', '10.00', 'romain.hintermann', 'off'),
(146, 'Dom Juan', 'Molière', 'Literatur', 'Französisch', 'Keine Markierungen, in sehr gutem Zustand!', '10.00', 'romain.hintermann', 'off'),
(147, 'Carmen (Version simplifiée) ', 'Prosper Mérimée', 'Literatur', 'Französisch', 'Kleines Büchlein (Version simplifiée), in sehr gutem Zustand.', '5.00', 'romain.hintermann', 'off'),
(148, 'L`univers du petit Nicolas', 'Sempé &amp; Goscinny', 'Literatur', 'Französisch', 'Kleines Büchlein (56 Seiten), in sehr gutem Zustand.', '5.00', 'romain.hintermann', 'off'),
(149, 'Slam', 'Nick Hornby', 'Literatur', 'Englisch', '341 Seiten vom Autor von &quot;About a boy&quot;, in sehr gutem Zustand!', '12.00', 'romain.hintermann', 'off'),
(151, 'The Fifth Child', 'Doris Lessing', 'Literatur', 'Englisch', 'In sehr gutem Zustand!', '10.00', 'romain.hintermann', 'off'),
(152, 'The Kite Runner', 'Khaled Hosseini', 'Literatur', 'Englisch', 'In gutem bis sehr gutem Zustand*', '12.00', 'romain.hintermann', 'off'),
(154, 'Der Zweite Weltkrieg', 'Dahms Hellmuth Günther', 'Sachbuch', 'Deutsch', 'Das Standardwerk über den Zweiten Weltkrieg in Text und Bild. Mit 430 Schwarzweiss -und Farb-Abbildungen. \r\n\r\n430 Seiten \r\n\r\nWer die heutige Welt verstehen will, wird sie zwangsläufig als das Ergebnis des Zweiten Weltkriegs ansehen müssen. Die einschneidenste Zänsur dieses Jahrhunderts brachte den Untergang des Deutschen Reiches und den Aufstieg der beiden Supermächte USA und UdSSR.\r\n\r\nDie furchtbare Bilanz nach dem fast sechsjährigen Ringen von 1939-1945 war eine Katastrophe,die für die Menschheit ohne Beispiel ist: Über 50 Millionen Menschen wurden getötet, 30 Millionen zu Krüppeln geschossen, über 20 Millionen verloren ihre Heimat und zahllose Städte versanken in Schutt und Trümmern. Die Landkarte wurde völlig verändert, ganz Osteuropa und mehr als die Hälfte Deutschlands gerieten in den Herrschaftsbereich der Sowjetunion. Am Ende des Krieges stand die bedingungslose Kapitulation, ein Waffenstillstand, von Frieden in dieser Welt- auch heute noch- keine Rede.', '5.00', 'ozan.yildirim', 'off'),
(155, 'Frag mich was- Computer und Roboter', 'Glunk, Fritz', 'Sachbuch', 'Deutsch', 'Ob Blaise Pascal, der die erste Rechenmaschine konstruierte, Hermann Hollerith, der die Lochkarten entwickelte,oder Konrad Zuse, der einen der ersten Computer entwickelte, sie alle haben Anteil an der Entwicklung der Computer und  Roboter, die heute in unser Leben in immer grösserem Masse bestimmen. Die Entwicklung in dieser modernen Technologie ist atemberaubend', '2.00', 'ozan.yildirim', 'off'),
(156, 'White Fang And The Call Of The Wild', 'Jack London', 'Literatur', 'Englisch', 'A superb work of adventure and imagination, The Call of the Wild tells the compelling story of Buck, part St. Bernard and part Scotch shepherd dog. \r\n\r\n', '5.00', 'ozan.yildirim', 'off'),
(157, 'FIFA 08', 'PS 3 Spiel', 'Computerspiel', 'Deutsch', 'Can you FIFA 08 ? \r\n\r\nAuthentische Fussball- Simulation\r\nWähle einen Spieler und meistere seine Position\r\nKopiere die unverwechselbaren Bewegungen der Profis.\r\nLade Spielhöhepunkte hoch und vertritt deinen Verein online\r\n\r\nSuper Spiel für die PS3', '15.00', 'ozan.yildirim', 'off'),
(158, '007 - Der Morgen stirbt nie', 'Benson Raymond', 'Literatur', 'Deutsch', 'Buch zum Bond-Film &quot;Der Morgen stirbt nie&quot; mit Pierce Brosnan.\r\nSehr guter Zustand!\r\n222 Seiten mit vielen farbigen Bildern aus dem Film', '8.00', 'raphael.uster', 'off'),
(159, 'Akte X Novel -  Schatten', 'Steiber Ellen', 'Literatur', 'Deutsch', 'Spannender Thriller auf Basis der erfolgreichen Fernsehserie Akte X - Die unheimlichen Fälle des FBI\r\nGuter Zustand, 124 Seiten', '7.00', 'raphael.uster', 'off');

-- --------------------------------------------------------

--
-- Tabellenstruktur für Tabelle `cookieabgleich`
--

CREATE TABLE IF NOT EXISTS `cookieabgleich` (
  `id` int(11) NOT NULL auto_increment,
  `cookienr` int(11) NOT NULL,
  `cookieinhalt` varchar(30) default NULL,
  `zeitstempel` varchar(20) character set armscii8 default NULL,
  PRIMARY KEY  (`id`)
) ENGINE=MyISAM  DEFAULT CHARSET=latin1 AUTO_INCREMENT=425 ;

--
-- Daten für Tabelle `cookieabgleich`
--

INSERT INTO `cookieabgleich` (`id`, `cookienr`, `cookieinhalt`, `zeitstempel`) VALUES
(1, 10345, 'lucius.bachmann', '0000-00-00 00:00:00'),
(2, 12345, 'clemens.bachmann', '0000-00-00 00:00:00'),
(3, 12342, 'alex.keiser', '0000-00-00 00:00:00'),
(7, 1350, 'clemens.bachmann', '2009,07,25,20:46:33'),
(8, 3095, 'clemens.bachmann', '2009,07,25,20:48:30'),
(9, 4840, 'clemens.bachmann', '2009,07,26,10:09:09'),
(10, 6585, 'lucius.bachmann', '2009:07:26:10:27:23'),
(11, 8330, 'lucius.bachmann', '2009:07:26:10:41:04'),
(12, 10075, 'lucius.bachmann', '2009:07:26:10:42:40'),
(13, 11820, 'fritzli.bueler', '2009:07:26:12:54:41'),
(14, 12565, 'lucius.bachmann', '2009:07:26:15:06:57'),
(15, 13310, 'lucius.bachmann', '2009:07:26:15:08:48'),
(16, 14055, 'lucius.bachmann', '2009:07:26:15:15:00'),
(17, 14800, 'clemens.bachmann', '2009:07:26:15:32:52'),
(18, 15545, 'clemens.bachmann', '2009:07:26:15:33:13'),
(19, 16290, 'clemens.bachmann', '2009:07:26:15:33:36'),
(20, 17035, 'fritzli.bueler', '2009:07:26:15:34:18'),
(21, 17780, 'fritzli.bueler', '2009:07:26:15:38:31'),
(22, 18525, 'clemens.bachmann', '2009:07:26:15:40:18'),
(23, 19270, 'clemens.bachmann', '2009:07:26:15:41:06'),
(24, 20015, 'clemens.bachmann', '2009:07:26:15:43:03'),
(25, 20760, 'clemens.bachmann', '2009:07:26:15:43:49'),
(26, 21505, 'paul.graf', '2009:07:26:16:04:08'),
(27, 22250, 'lucius.bachmann', '2009:07:26:21:00:02'),
(28, 22995, 'lucius.bachmann', '2009:07:27:12:26:53'),
(29, 23740, 'clemens.bachmann', '2009:07:27:13:26:18'),
(30, 24485, 'clemens.bachmann', '2009:07:27:13:32:15'),
(31, 25230, 'lucius.bachmann', '2009:07:27:14:00:16'),
(32, 25975, 'clemens.bachmann', '2009:07:27:14:08:29'),
(33, 26720, 'lucius.bachmann', '2009:07:27:14:47:27'),
(34, 27465, 'lucius.bachmann', '2009:07:27:15:47:54'),
(35, 28210, 'lucius.bachmann', '2009:07:27:15:48:55'),
(36, 28955, 'lucius.bachmann', '2009:07:27:16:48:02'),
(37, 29700, 'lucius.bachmann', '2009:07:27:20:40:02'),
(38, 30445, 'clemens.bachmann', '2009:07:27:20:49:29'),
(39, 31190, 'alex.bachmann', '2009:07:27:20:56:17'),
(40, 31935, 'lucius.bachmann', '2009:07:28:11:05:43'),
(41, 32680, 'lucius.bachmann', '2009:07:28:13:36:32'),
(42, 33425, 'clemens.bachmann', '2009:07:28:13:38:32'),
(43, 34170, 'lucius.bachmann', '2009:07:28:13:39:57'),
(44, 34915, 'lucius.bachmann', '2009:07:28:14:17:07'),
(45, 35660, 'clemens.bachmann', '2009:07:28:14:57:35'),
(46, 36405, 'fritzli.bueler', '2009:07:28:15:28:12'),
(47, 37150, 'lucius.bachmann', '2009:07:29:17:05:10'),
(48, 37895, 'lucius.bachmann', '2009:07:29:19:40:16'),
(49, 38640, 'lucius.bachmann', '2009:07:30:00:16:23'),
(50, 39385, 'clemens.bachmann', '2009:07:30:00:20:11'),
(51, 40130, 'clemens.bachmann', '2009:07:30:14:25:31'),
(52, 40875, 'florian.gubler', '2009:07:30:19:54:08'),
(53, 41620, 'sven.voss', '2009:07:30:23:22:16'),
(54, 42365, 'c.prim', '2009:07:31:10:05:00'),
(55, 43110, 'c.prim', '2009:07:31:10:08:53'),
(56, 43855, 'marco.schaeuble', '2009:07:31:10:50:18'),
(57, 44600, 'lucius.bachmann', '2009:07:31:19:24:24'),
(58, 45345, 'clemens.bachmann', '2009:08:01:10:37:28'),
(59, 46090, 'lucius.bachmann', '2009:08:01:10:58:17'),
(60, 46835, 'marco.schaeuble', '2009:08:01:12:18:51'),
(61, 47580, 'alfred.bachmann', '2009:08:01:18:28:11'),
(62, 48325, 'alfred.bachmann', '2009:08:01:18:37:55'),
(63, 49070, 'annika.wulkop', '2009:08:07:09:20:19'),
(64, 49815, 'corinne.graessle', '2009:08:11:13:54:09'),
(65, 50560, 'lucius.bachmann', '2009:08:15:15:49:50'),
(66, 51305, 'lucius.bachmann', '2009:08:15:18:51:53'),
(67, 52050, 'clemens.bachmann', '2009:08:15:19:27:33'),
(68, 52795, 'alicia.keller', '2009:08:16:12:17:43'),
(69, 53540, 'ibrahim.eltakielhomsi', '2009:08:16:18:43:54'),
(70, 54285, 'clemens.bachmann', '2009:08:16:19:06:33'),
(71, 55030, 'lucius.bachmann', '2009:08:16:20:14:08'),
(72, 55775, 'lucius.bachmann', '2009:08:17:16:11:32'),
(73, 56520, 'florian.gubler', '2009:08:17:16:23:50'),
(74, 57265, 'clemens.bachmann', '2009:08:19:15:24:56'),
(75, 58010, 'simon.walo', '2009:08:22:12:18:23'),
(76, 58755, 'clemens.bachmann', '2009:08:23:10:56:57'),
(77, 59500, 'lucius.bachmann', '2009:08:23:15:20:13'),
(78, 60245, 'clemens.bachmann', '2009:08:23:15:21:03'),
(79, 60990, 'lucius.bachmann', '2009:08:25:18:09:23'),
(80, 61735, 'lucius.bachmann', '2009:08:25:18:13:03'),
(81, 62480, 'clemens.bachmann', '2009:08:25:18:14:53'),
(82, 63225, 'lucius.bachmann', '2009:08:26:13:15:06'),
(83, 63970, 'florian.gubler', '2009:08:26:18:23:06'),
(84, 64715, 'florian.gubler', '2009:08:26:18:25:58'),
(85, 65460, 'florian.gubler', '2009:08:26:18:26:07'),
(86, 66205, 'lucius.bachmann', '2009:08:27:17:16:01'),
(87, 66950, 'lucius.bachmann', '2009:08:27:17:22:31'),
(88, 67695, 'clemens.bachmann', '2009:08:28:15:13:06'),
(89, 68440, 'lucius.bachmann', '2009:08:28:17:35:32'),
(90, 69185, 'clemens.bachmann', '2009:08:28:20:54:27'),
(91, 69930, 'alex.bachmann', '2009:08:30:14:20:18'),
(92, 70675, 'alex.bachmann', '2009:08:30:18:09:11'),
(93, 71420, 'lucius.bachmann', '2009:09:01:15:19:41'),
(94, 72165, 'clemens.bachmann', '2009:09:01:16:05:56'),
(95, 72910, 'lucius.bachmann', '2009:09:01:17:20:43'),
(96, 73655, 'lucius.bachmann', '2009:09:01:17:28:09'),
(97, 74400, 'lucius.bachmann', '2009:09:02:18:23:12'),
(98, 75145, 'alicia.keller', '2009:09:03:17:58:54'),
(99, 75890, 'lucius.bachmann', '2009:09:03:18:17:03'),
(100, 76635, 'lucius.bachmann', '2009:09:07:11:31:08'),
(101, 77380, 'lucius.bachmann', '2009:09:07:11:38:21'),
(102, 78125, 'lucius.bachmann', '2009:09:07:13:01:46'),
(103, 78870, 'lucius.bachmann', '2009:09:07:16:54:24'),
(104, 79615, 'aaron.krucher', '2009:09:07:17:00:16'),
(105, 80360, 'lucius.bachmann', '2009:09:07:17:00:26'),
(106, 81105, 'c.prim', '2009:09:07:18:01:14'),
(107, 81850, 'lucius.bachmann', '2009:09:07:20:39:04'),
(108, 82595, 'm.bleichenbacher', '2009:09:07:23:24:16'),
(109, 83340, 'jonas.krucher', '2009:09:08:10:06:38'),
(110, 84085, 'jonas.krucher', '2009:09:08:10:12:15'),
(111, 84830, 'c.hemauer', '2009:09:08:10:34:02'),
(112, 85575, 'lucius.bachmann', '2009:09:08:17:09:35'),
(113, 86320, 'lucius.bachmann', '2009:09:09:08:23:24'),
(114, 87065, 'lucius.bachmann', '2009:09:09:08:25:54'),
(115, 87810, 'jonas.krucher', '2009:09:11:15:51:17'),
(116, 88555, 'lucius.bachmann', '2009:09:11:15:57:48'),
(117, 89300, 'lucius.bachmann', '2009:09:12:16:41:06'),
(118, 90045, 'jonas.krucher', '2009:09:13:10:39:53'),
(119, 90790, 'clemens.bachmann', '2009:09:13:18:43:54'),
(120, 91535, 'lucius.bachmann', '2009:09:13:22:03:45'),
(121, 92280, 'lucius.bachmann', '2009:09:13:22:06:12'),
(122, 93025, 'lucius.bachmann', '2009:09:14:12:40:27'),
(123, 93770, 'mladen.ivkovic', '2009:09:14:12:58:19'),
(124, 94515, 'tanja.zeller', '2009:09:14:13:10:17'),
(125, 95260, 'noam.gallmann', '2009:09:14:13:36:48'),
(126, 96005, 'lucius.bachmann', '2009:09:14:13:50:31'),
(127, 96750, 'marjanka.aeschlimann', '2009:09:14:14:17:06'),
(128, 97495, 'stefania.maio', '2009:09:14:15:06:08'),
(129, 98240, 'marco.vonraumer', '2009:09:14:15:47:06'),
(130, 98985, 'fabian.attinger', '2009:09:14:16:21:24'),
(131, 99730, 'nathalie.kaiser', '2009:09:14:17:53:23'),
(132, 100475, 'ammandip.duggal', '2009:09:14:17:57:12'),
(133, 101220, 'philipp.albrecht', '2009:09:14:18:57:01'),
(134, 101965, 'philipp.albrecht', '2009:09:14:19:09:32'),
(135, 102710, 'mladen.ivkovic', '2009:09:14:19:14:36'),
(136, 103455, 'clemens.bachmann', '2009:09:14:19:25:43'),
(137, 104200, 'tanja.zeller', '2009:09:14:20:03:34'),
(138, 104945, 'tanja.zeller', '2009:09:14:20:05:53'),
(139, 105690, 'clemens.bachmann', '2009:09:14:20:26:43'),
(140, 106435, 'lucius.bachmann', '2009:09:14:20:28:23'),
(141, 107180, 'lucius.bachmann', '2009:09:14:21:04:23'),
(142, 107925, 'yves.schaer', '2009:09:14:21:05:50'),
(143, 108670, 'philipp.albrecht', '2009:09:14:21:15:27'),
(144, 109415, 'philipp.albrecht', '2009:09:14:21:17:36'),
(145, 110160, 'philipp.albrecht', '2009:09:14:21:20:56'),
(146, 110905, 'philipp.albrecht', '2009:09:14:21:37:08'),
(147, 111650, 'sabrina.maurer', '2009:09:14:21:47:37'),
(148, 112395, 'lucius.bachmann', '2009:09:14:22:33:05'),
(149, 113140, 'lucius.bachmann', '2009:09:14:23:31:22'),
(150, 113885, 'mladen.ivkovic', '2009:09:15:07:39:52'),
(151, 114630, 'mladen.ivkovic', '2009:09:15:07:40:00'),
(152, 115375, 'clemens.bachmann', '2009:09:15:08:23:38'),
(153, 116120, 'lucius.bachmann', '2009:09:15:08:47:50'),
(154, 116865, 'simon.zeder', '2009:09:15:10:57:19'),
(155, 117610, 'pascal.bebie', '2009:09:15:12:44:39'),
(156, 118355, 'dominik.vetsch', '2009:09:15:12:45:42'),
(157, 119100, 'pascal.bebie', '2009:09:15:12:47:09'),
(158, 119845, 'tobias.kuebler', '2009:09:15:12:48:25'),
(159, 120590, 'Clemens.rhiner', '2009:09:15:12:49:05'),
(160, 121335, 'lucius.bachmann', '2009:09:15:13:39:32'),
(161, 122080, 'marco.schaeuble', '2009:09:15:15:37:55'),
(162, 122825, 'dynah.dercole', '2009:09:15:16:31:01'),
(163, 123570, 'lucius.bachmann', '2009:09:15:16:49:16'),
(164, 124315, 'lucius.bachmann', '2009:09:15:16:56:37'),
(165, 125060, 'lucius.bachmann', '2009:09:15:17:03:08'),
(166, 125805, 'lucius.bachmann', '2009:09:15:17:04:17'),
(167, 126550, 'lucius.bachmann', '2009:09:15:17:06:07'),
(168, 127295, 'lucius.bachmann', '2009:09:15:17:11:20'),
(169, 128040, 'lucius.bachmann', '2009:09:15:17:13:47'),
(170, 128785, 'lucius.bachmann', '2009:09:15:17:15:08'),
(171, 129530, 'lucius.bachmann', '2009:09:15:17:16:06'),
(172, 130275, 'tobias.kuebler', '2009:09:15:17:32:10'),
(173, 130624, 'federico.degiorgi', '2009:09:15:17:42:42'),
(174, 130973, 'alicia.keller', '2009:09:15:17:49:17'),
(175, 131322, 'alicia.keller', '2009:09:15:17:51:02'),
(176, 131671, 'clemens.bachmann', '2009:09:15:20:38:53'),
(177, 132020, 'noam.gallmann', '2009:09:16:00:04:30'),
(178, 132369, 'lucius.bachmann', '2009:09:16:07:14:32'),
(179, 132718, 'clemens.bachmann', '2009:09:16:07:32:01'),
(180, 133067, 'timothy.schuermann', '2009:09:16:16:36:32'),
(181, 133416, 'andreas.elsener', '2009:09:16:19:40:38'),
(182, 133765, 'clemens.bachmann', '2009:09:16:19:48:28'),
(183, 134114, 'clemens.bachmann', '2009:09:16:19:49:23'),
(184, 134463, 'Alexander.Keiser', '2009:09:16:20:27:25'),
(185, 134812, 'Alexander.Keiser', '2009:09:16:20:33:10'),
(186, 135161, 'mladen.ivkovic', '2009:09:16:20:42:47'),
(187, 135510, 'Alexander.Keiser', '2009:09:16:22:08:29'),
(188, 135859, 'kieutrang.tran', '2009:09:16:22:33:41'),
(189, 136208, 'pascal.bebie', '2009:09:17:14:48:18'),
(190, 136557, 'Alexander.Keiser', '2009:09:17:17:10:29'),
(191, 136906, 'clemens.bachmann', '2009:09:17:17:16:27'),
(192, 137255, 'lucius.bachmann', '2009:09:17:17:37:07'),
(193, 137604, 'mladen.ivkovic', '2009:09:17:18:11:16'),
(194, 137953, 'clemens.bachmann', '2009:09:17:18:56:41'),
(195, 138302, 'andreas.elsener', '2009:09:17:19:18:14'),
(196, 138651, 'marc.wegmann', '2009:09:17:19:30:38'),
(197, 139000, 'andreas.elsener', '2009:09:17:19:35:48'),
(198, 139349, 'nathalie.kaiser', '2009:09:17:19:47:30'),
(199, 139698, 'simon.walo', '2009:09:17:19:58:07'),
(200, 140047, 'clemens.bachmann', '2009:09:17:20:51:34'),
(201, 140396, 'Alexander.Keiser', '2009:09:17:22:24:48'),
(202, 140745, 'lorenz.muerner', '2009:09:17:22:36:33'),
(203, 141094, 'pascal.bebie', '2009:09:18:11:48:14'),
(204, 141443, 'ziad.fathallah', '2009:09:18:12:23:32'),
(205, 141792, 'jana.epprecht', '2009:09:18:14:17:41'),
(206, 142141, 'Alexander.Keiser', '2009:09:18:17:19:26'),
(207, 142490, 'sabrina.maurer', '2009:09:18:18:02:12'),
(208, 142839, 'mladen.ivkovic', '2009:09:18:19:19:00'),
(209, 143188, 'preksha.tiwari', '2009:09:18:20:06:27'),
(210, 143537, 'thomas.melc', '2009:09:19:09:14:09'),
(211, 143886, 'clemens.bachmann', '2009:09:19:10:05:05'),
(212, 144235, 'Alexander.Keiser', '2009:09:19:10:17:45'),
(213, 144584, 'sabrina.maurer', '2009:09:19:10:19:06'),
(214, 144933, 'clemens.rhiner', '2009:09:19:12:17:19'),
(215, 145282, 'pascal.bebie', '2009:09:19:12:22:15'),
(216, 145631, 'yves.schaer', '2009:09:19:12:23:06'),
(217, 145980, 'clemens.bachmann', '2009:09:19:12:27:52'),
(218, 146329, 'matthias.halter', '2009:09:19:12:39:23'),
(219, 146678, 'stefania.maio', '2009:09:19:14:03:50'),
(220, 147027, 'stefania.maio', '2009:09:19:14:50:20'),
(221, 147376, 'clemens.rhiner', '2009:09:19:17:36:51'),
(222, 147725, 'preksha.tiwari', '2009:09:19:20:56:38'),
(223, 148074, 'stefania.maio', '2009:09:20:11:39:48'),
(224, 148423, 'andreas.elsener', '2009:09:20:11:53:58'),
(225, 148772, 'lucius.bachmann', '2009:09:20:14:21:11'),
(226, 149121, 'sabrina.maurer', '2009:09:20:15:32:37'),
(227, 149470, 'mattia.giarrusso', '2009:09:20:15:50:06'),
(228, 149819, 'alexander.keiser', '2009:09:20:16:28:34'),
(229, 150168, 'dynah.dercole', '2009:09:20:16:48:59'),
(230, 150517, 'pascal.bebie', '2009:09:20:17:41:53'),
(231, 150866, 'sabrina.rigo', '2009:09:20:20:20:51'),
(232, 151215, 'jonas.krucher', '2009:09:21:08:16:51'),
(233, 151564, 'pascal.bebie', '2009:09:21:12:52:16'),
(234, 151913, 'preksha.tiwari', '2009:09:21:20:42:01'),
(235, 152262, 'simon.zeder', '2009:09:22:10:44:14'),
(236, 152611, 'clemens.bachmann', '2009:09:22:11:58:29'),
(237, 152960, 'dominik.vetsch', '2009:09:22:11:59:17'),
(238, 153309, 'lucius.bachmann', '2009:09:22:15:04:16'),
(239, 153658, 'clemens.bachmann', '2009:09:22:16:18:17'),
(240, 154007, 'lucius.bachmann', '2009:09:22:17:23:55'),
(241, 154356, 'stefania.maio', '2009:09:22:18:05:00'),
(242, 154705, 'clemens.bachmann', '2009:09:22:21:21:24'),
(243, 155054, 'c.prim', '2009:09:23:10:32:59'),
(244, 155403, 'alexander.keiser', '2009:09:23:14:46:05'),
(245, 155752, 'pascal.bebie', '2009:09:23:22:01:07'),
(246, 156101, 'romain.hintermann', '2009:09:24:09:07:48'),
(247, 156450, 'franz.knobel', '2009:09:24:09:40:43'),
(248, 156799, 'ammandip.duggal', '2009:09:24:16:19:17'),
(249, 157148, 'ammandip.duggal', '2009:09:24:16:29:10'),
(250, 157497, 'lucius.bachmann', '2009:09:24:16:49:47'),
(251, 157846, 'ammandip.duggal', '2009:09:24:21:19:54'),
(252, 158195, 'jonas.stehlin', '2009:09:25:08:26:38'),
(253, 158544, 'tobias.kuebler', '2009:09:25:10:36:13'),
(254, 158893, 'simon.walo', '2009:09:25:13:17:59'),
(255, 159242, 'pascal.bebie', '2009:09:25:13:28:17'),
(256, 159591, 'elisabeth.blaja', '2009:09:25:13:52:34'),
(257, 159940, 'clemens.bachmann', '2009:09:25:16:58:52'),
(258, 160289, 'lucius.bachmann', '2009:09:25:17:24:52'),
(259, 160638, 'fritzli.bueler', '2009:09:25:17:29:38'),
(260, 160987, 'clemens.bachmann', '2009:09:25:17:32:40'),
(261, 161336, 'pascal.bebie', '2009:09:26:12:22:31'),
(262, 161685, 'pascal.bebie', '2009:09:26:12:40:58'),
(263, 162034, 'pascal.bebie', '2009:09:26:13:08:15'),
(264, 162383, 'alex.bachmann', '2009:09:26:15:34:55'),
(265, 162732, 'simon.walo', '2009:09:26:20:59:01'),
(266, 163081, 'clemens.bachmann', '2009:09:26:23:37:32'),
(267, 163430, 'mladen.ivkovic', '2009:09:27:09:18:20'),
(268, 163779, 'stefania.maio', '2009:09:27:15:08:14'),
(269, 164128, 'lucius.bachmann', '2009:09:27:20:59:18'),
(270, 164477, 'clemens.bachmann', '2009:09:27:21:09:01'),
(271, 164826, 'preksha.tiwari', '2009:09:28:18:54:33'),
(272, 165175, 'alexander.keiser', '2009:09:28:20:30:10'),
(273, 165524, 'lucius.bachmann', '2009:09:28:21:09:38'),
(274, 165873, 'noam.gallmann', '2009:09:29:07:59:07'),
(275, 166222, 'philipp.albrecht', '2009:09:29:13:40:33'),
(276, 166571, 'noam.gallmann', '2009:09:29:17:34:32'),
(277, 166920, 'lucius.bachmann', '2009:09:29:17:49:07'),
(278, 167269, 'mattia.giarrusso', '2009:09:29:20:51:37'),
(279, 167618, 'pascal.bebie', '2009:09:30:11:26:02'),
(280, 167967, 'lucius.bachmann', '2009:09:30:13:25:51'),
(281, 168316, 'fritzli.bueler', '2009:09:30:13:32:18'),
(282, 168665, 'raphael.uster', '2009:09:30:15:16:09'),
(283, 169014, 'clemens.rhiner', '2009:09:30:18:32:10'),
(284, 169363, 'stefania.maio', '2009:10:02:16:30:14'),
(285, 169712, 'pascal.bebie', '2009:10:03:09:30:44'),
(286, 170061, 'maureen.hongsa', '2009:10:04:21:17:52'),
(287, 170410, 'lucius.bachmann', '2009:10:04:22:14:18'),
(288, 170759, 'stefania.maio', '2009:10:05:14:30:07'),
(289, 171108, 'raphael.uster', '2009:10:09:14:56:40'),
(290, 171457, 'tobias.kuebler', '2009:10:12:18:01:14'),
(291, 171806, 'lucius.bachmann', '2009:10:13:00:43:06'),
(292, 172155, 'stefania.maio', '2009:10:14:09:27:29'),
(293, 172504, 'raphael.uster', '2009:10:14:11:26:58'),
(294, 172853, 'lucius.bachmann', '2009:10:14:20:51:34'),
(295, 173202, 'lucius.bachmann', '2009:10:15:18:11:32'),
(296, 173551, 'lucius.bachmann', '2009:10:15:18:17:44'),
(297, 173900, 'lucius.bachmann', '2009:10:15:19:31:54'),
(298, 174249, 'preksha.tiwari', '2009:10:16:12:41:05'),
(299, 174598, 'lucius.bachmann', '2009:10:16:15:04:20'),
(300, 174947, 'stefania.maio', '2009:10:16:15:47:21'),
(301, 175296, 'philipp.albrecht', '2009:10:16:20:52:53'),
(302, 175645, 'romain.hintermann', '2009:10:17:14:53:43'),
(303, 175994, 'lucius.bachmann', '2009:10:18:00:19:11'),
(304, 176343, 'lucius.bachmann', '2009:10:19:11:26:55'),
(305, 176692, 'r.beon', '2009:10:19:15:58:47'),
(306, 177041, 'marco.schaeuble', '2009:10:20:10:09:58'),
(307, 177390, 'mladen.ivkovic', '2009:10:21:21:44:26'),
(308, 177739, 'natalie.nussbaum', '2009:10:21:21:48:15'),
(309, 178088, 'romain.hintermann', '2009:10:21:22:00:28'),
(310, 178437, 'seraina.klaus', '2009:10:21:22:01:07'),
(311, 178786, 'alexander.herren', '2009:10:21:22:02:35'),
(312, 179135, 'jasmine.mathew', '2009:10:21:22:16:36'),
(313, 179484, 'andreas.elsener', '2009:10:21:22:43:59'),
(314, 179833, 'simon.zeder', '2009:10:22:11:42:52'),
(315, 180182, 'clemens.bachmann', '2009:10:22:16:45:07'),
(316, 180531, 'marjanka.aeschlimann', '2009:10:22:17:30:34'),
(317, 180880, 'cintia.venturini', '2009:10:22:17:33:08'),
(318, 181229, 'nina.aerni', '2009:10:22:17:49:14'),
(319, 181578, 'alexander.keiser', '2009:10:22:18:05:25'),
(320, 181927, 'preksha.tiwari', '2009:10:22:18:18:57'),
(321, 182276, 'lucius.bachmann', '2009:10:22:18:21:02'),
(322, 182625, 'aaron.krucher', '2009:10:22:18:22:39'),
(323, 182974, 'angelica.filippi', '2009:10:22:20:20:17'),
(324, 183323, 'stefania.maio', '2009:10:23:11:51:38'),
(325, 183672, 'irina.lehner', '2009:10:23:18:31:12'),
(326, 184021, 'elina.ehrensperger', '2009:10:23:18:35:34'),
(327, 184370, 'jana.epprecht', '2009:10:23:21:58:00'),
(328, 184719, 'fangqun.qu', '2009:10:23:22:42:28'),
(329, 185068, 'pascal.bebie', '2009:10:23:23:12:07'),
(330, 185417, 'marco.vonraumer', '2009:10:24:09:35:03'),
(331, 185766, 'clemens.bachmann', '2009:10:25:15:46:18'),
(332, 186115, 'anja.amacher', '2009:10:25:17:21:59'),
(333, 186464, 'Geertje.Mulders', '2009:10:25:17:31:26'),
(334, 186813, 'mladen.ivkovic', '2009:10:26:09:16:46'),
(335, 187162, 'philipp.hegglin', '2009:10:26:12:47:17'),
(336, 187511, 'lucius.bachmann', '2009:10:27:14:54:54'),
(337, 187860, 'ammandip.duggal', '2009:10:27:16:27:23'),
(338, 188209, 'lucius.bachmann', '2009:10:27:17:36:15'),
(339, 188558, 'fritzli.bueler', '2009:10:27:17:37:10'),
(340, 188907, 'clemens.bachmann', '2009:10:27:18:31:34'),
(341, 189256, 'alexander.keiser', '2009:10:27:22:10:04'),
(342, 189605, 'jacqueline.haller', '2009:10:28:13:50:46'),
(343, 189954, 'lucius.bachmann', '2009:10:28:14:46:51'),
(344, 190303, 'preksha.tiwari', '2009:10:28:19:04:20'),
(345, 190652, 'till.oehen', '2009:10:28:21:04:02'),
(346, 191001, 'lucius.bachmann', '2009:10:28:21:36:59'),
(347, 191350, 'clemens.bachmann', '2009:10:29:20:50:50'),
(348, 191699, 'raphael.uster', '2009:10:30:20:07:24'),
(349, 192048, 'lorina.schudel', '2009:10:31:12:55:37'),
(350, 192397, 'clemens.bachmann', '2009:10:31:19:46:13'),
(351, 192746, 'clemens.bachmann', '2009:10:31:21:43:40'),
(352, 193095, 'alexander.keiser', '2009:11:01:12:10:24'),
(353, 193444, 'kieutrang.tran', '2009:11:01:12:48:58'),
(354, 193793, 'clemens.bachmann', '2009:11:01:18:14:42'),
(355, 194142, 'lucius.bachmann', '2009:11:02:15:02:45'),
(356, 194491, 'mladen.ivkovic', '2009:11:02:16:45:30'),
(357, 194840, 'lucius.bachmann', '2009:11:02:21:20:05'),
(358, 195189, 'preksha.tiwari', '2009:11:02:22:01:05'),
(359, 195538, 'clemens.bachmann', '2009:11:03:12:11:05'),
(360, 195887, 'romain.hintermann', '2009:11:03:17:44:59'),
(361, 196236, 'pascal.bebie', '2009:11:04:08:11:51'),
(362, 196585, 'elina.ehrensperger', '2009:11:04:14:47:15'),
(363, 196934, 'elina.ehrensperger', '2009:11:04:14:51:20'),
(364, 197283, 'elina.ehrensperger', '2009:11:04:14:52:02'),
(365, 197632, 'ammandip.duggal', '2009:11:04:16:47:52'),
(366, 197981, 'clemens.bachmann', '2009:11:04:17:04:44'),
(367, 198330, 'olivier.benz', '2009:11:04:19:18:25'),
(368, 198679, 'simon.walo', '2009:11:04:19:19:38'),
(369, 199028, 'fritzli.bueler', '2009:11:04:19:41:08'),
(370, 199377, 'fritzli.bueler', '2009:11:04:19:44:34'),
(371, 199726, 'fritzli.bueler', '2009:11:04:19:45:26'),
(372, 200075, 'fritzli.bueler', '2009:11:04:19:46:34'),
(373, 200424, 'alex.bachmann', '2009:11:04:20:32:11'),
(374, 200773, 'lucius.bachmann', '2009:11:04:22:23:34'),
(375, 201122, 'kieutrang.tran', '2009:11:05:21:44:36'),
(376, 201471, 'alex.bachmann', '2009:11:06:16:06:44'),
(377, 201820, 'stefania.maio', '2009:11:06:17:20:27'),
(378, 202169, 'clemens.bachmann', '2009:11:07:10:10:29'),
(379, 202518, 'kieutrang.tran', '2009:11:07:13:54:17'),
(380, 202867, 'simon.walo', '2009:11:07:16:05:21'),
(381, 203216, 'lucius.bachmann', '2009:11:08:10:31:00'),
(382, 203565, 'clemens.bachmann', '2009:11:08:13:46:29'),
(383, 203914, 'lucius.bachmann', '2009:11:08:15:53:45'),
(384, 204263, 'alex.bachmann', '2009:11:08:18:22:44'),
(385, 204612, 'matthias.halter', '2009:11:09:09:23:16'),
(386, 204961, 'clemens.bachmann', '2009:11:09:16:04:25'),
(387, 205310, 'lucius.bachmann', '2009:11:10:13:24:21'),
(388, 205659, 'clemens.bachmann', '2009:11:10:17:16:11'),
(389, 206008, 'simon.schudel', '2009:11:10:21:00:02'),
(390, 206357, 'raphael.uster', '2009:11:10:21:08:45'),
(391, 206706, 'raphael.uster', '2009:11:10:21:21:39'),
(392, 207055, 'clemens.bachmann', '2009:11:11:14:02:50'),
(393, 207404, 'clemens.bachmann', '2009:11:11:17:28:25'),
(394, 207753, 'clemens.bachmann', '2009:11:11:19:00:39'),
(395, 208102, 'stefania.maio', '2009:11:12:18:25:33'),
(396, 208451, 'clemens.bachmann', '2009:11:13:18:03:27'),
(397, 208800, 'ozan.yildirim', '2009:11:13:21:12:40'),
(398, 209149, 'ozan.yildirim', '2009:11:13:23:16:00'),
(399, 209498, 'ozan.yildirim', '2009:11:14:10:54:30'),
(400, 209847, 'lucius.bachmann', '2009:11:14:12:11:36'),
(401, 210196, 'clemens.bachmann', '2009:11:14:12:13:21'),
(402, 210545, 'raphael.uster', '2009:11:14:12:17:52'),
(403, 210894, 'mattia.giarrusso', '2009:11:14:14:56:57'),
(404, 211243, 'romain.hintermann', '2009:11:14:15:37:12'),
(405, 211592, 'clemens.bachmann', '2009:11:14:19:02:01'),
(406, 211941, 'ozan.yildirim', '2009:11:14:20:04:55'),
(407, 212290, 'lucius.bachmann', '2009:11:15:12:14:41'),
(408, 212639, 'ozan.yildirim', '2009:11:15:13:59:32'),
(409, 212988, 'lucius.bachmann', '2009:11:15:15:18:08'),
(410, 213337, 'stefania.maio', '2009:11:16:06:43:08'),
(411, 213686, 'alex.bachmann', '2009:11:16:08:33:54'),
(412, 214035, 'alex.bachmann', '2009:11:16:08:37:37'),
(413, 214384, 'marc.wegmann', '2009:11:16:15:45:04'),
(414, 214733, 'stefania.maio', '2009:11:16:15:55:58'),
(415, 215082, 'clemens.bachmann', '2009:11:16:17:28:25'),
(416, 215431, 'lucius.bachmann', '2009:11:17:17:10:26'),
(417, 215780, 'ozan.yildirim', '2009:11:17:18:36:40'),
(418, 216129, 'clemens.bachmann', '2009:11:18:12:51:37'),
(419, 216478, 'fritzli.bueler', '2009:11:19:20:53:25'),
(420, 216827, 'clemens.bachmann', '2009:11:19:21:28:36'),
(421, 217176, 'fritzli.bueler', '2009:11:19:22:08:40'),
(422, 217525, 'fritzli.bueler', '2009:11:19:22:14:29'),
(423, 217874, 'clemens.bachmann', '2009:11:22:06:38:47'),
(424, 218223, 'clemens.bachmann', '2009:11:22:07:06:50');

-- --------------------------------------------------------

--
-- Tabellenstruktur für Tabelle `nachhilfestunden`
--

CREATE TABLE IF NOT EXISTS `nachhilfestunden` (
  `id` int(11) NOT NULL auto_increment,
  `Anbieter` varchar(30) default NULL,
  `Klasse` varchar(3) default NULL,
  `Fach` varchar(100) default NULL,
  `Beschreibung` text,
  `Wochenstunden` int(2) default NULL,
  `Preis` varchar(10) default NULL,
  `suche` varchar(5) NOT NULL default 'off',
  PRIMARY KEY  (`id`)
) ENGINE=MyISAM  DEFAULT CHARSET=latin1 AUTO_INCREMENT=17 ;

--
-- Daten für Tabelle `nachhilfestunden`
--

INSERT INTO `nachhilfestunden` (`id`, `Anbieter`, `Klasse`, `Fach`, `Beschreibung`, `Wochenstunden`, `Preis`, `suche`) VALUES
(11, 'simon.walo', '6A', 'Mathematik, Latein', 'Ich bin Simon Walo, 17 Jahre alt, komme aus Zürich-Höngg und gehe in die Klasse 6A. Ich kann den Physikstoff der letzten Jahre sicher gut erklären, denn ich hatte konstant gute Noten und habe das Thema immer grundlegend verstanden. Ebenso bin ich kompetent, wenn es um Mathematik oder um lateinische Grammatik geht.', 1, '20.00', 'off'),
(12, 'simon.schudel', '5v', 'Englisch, Deutsch, Geographie', 'Ich bin Simon Schudel, in der 5. Klasse und bin im Sommer gerade von einem Austauschjahr in den USA zurückgekommen. Ich kann helfen bei Grammatik oder Verständnis etc.. Auch Aufgabenhilfe kann ich mir gut vorstellen in Fächern wie Geografie, Deutsch oder Biologie. Ich bin ziemlich flexibel was die Fächer angeht. Nach Absprache kann ich sicher helfen!', 1, '20.00', 'off');

-- --------------------------------------------------------

--
-- Tabellenstruktur für Tabelle `offerten`
--

CREATE TABLE IF NOT EXISTS `offerten` (
  `id` int(11) NOT NULL auto_increment,
  `angebote_id` int(11) default NULL,
  `user_id` int(11) default NULL,
  `Offerte` text,
  PRIMARY KEY  (`id`),
  KEY `angebote_id` (`angebote_id`),
  KEY `user_id` (`user_id`)
) ENGINE=MyISAM  DEFAULT CHARSET=latin1 AUTO_INCREMENT=34 ;

--
-- Daten für Tabelle `offerten`
--

INSERT INTO `offerten` (`id`, `angebote_id`, `user_id`, `Offerte`) VALUES
(1, 5, 3, 'Ich nehme dein Angebot an und biete noch 2 Franken zusätzlich wenn ich das buch schon morgen kaufen kann'),
(2, 5, 9, NULL),
(3, 15, 0, NULL),
(4, 15, 0, NULL),
(5, 15, 0, NULL),
(6, 15, 0, NULL),
(7, 16, 0, NULL),
(8, 17, 0, NULL),
(9, 16, 0, NULL),
(10, 16, 0, NULL),
(11, 2, 0, NULL),
(12, 13, 0, NULL),
(13, 16, 0, NULL),
(14, 20, 0, NULL),
(15, 17, 0, NULL),
(16, 17, 0, NULL),
(17, 16, 1, NULL),
(18, 17, 1, NULL),
(19, 23, 1, NULL),
(20, 24, 5, NULL),
(21, 24, 1, NULL),
(22, 25, 1, NULL),
(23, 26, 1, NULL),
(24, 27, 1, NULL),
(25, 28, 1, NULL),
(26, 29, 1, NULL),
(27, 88, 1, NULL),
(28, 67, 1, NULL),
(29, 68, 1, NULL),
(30, 69, 1, NULL),
(32, 138, 5, NULL),
(33, 28, 51, NULL);

-- --------------------------------------------------------

--
-- Tabellenstruktur für Tabelle `offertennachhilfestunden`
--

CREATE TABLE IF NOT EXISTS `offertennachhilfestunden` (
  `id` int(11) NOT NULL auto_increment,
  `nachhilfestunden_id` int(11) default NULL,
  `user_id` int(11) default NULL,
  `Offerte` text,
  PRIMARY KEY  (`id`),
  KEY `nachhilfestunden_id` (`nachhilfestunden_id`),
  KEY `user_id` (`user_id`)
) ENGINE=MyISAM  DEFAULT CHARSET=latin1 AUTO_INCREMENT=18 ;

--
-- Daten für Tabelle `offertennachhilfestunden`
--

INSERT INTO `offertennachhilfestunden` (`id`, `nachhilfestunden_id`, `user_id`, `Offerte`) VALUES
(1, 5, 3, 'Ich nehme dein Angebot an und biete noch 2 Franken zusätzlich wenn ich das buch schon morgen kaufen kann'),
(2, 6, 24, NULL),
(3, 1, 100017, NULL),
(17, 1, 5, NULL);

-- --------------------------------------------------------

--
-- Tabellenstruktur für Tabelle `user`
--

CREATE TABLE IF NOT EXISTS `user` (
  `id` int(11) NOT NULL auto_increment,
  `name` varchar(1000) default NULL,
  `pw` varchar(100) default NULL,
  `Bild` varchar(50) default NULL,
  `email` varchar(1000) NOT NULL,
  PRIMARY KEY  (`id`)
) ENGINE=MyISAM  DEFAULT CHARSET=latin1 AUTO_INCREMENT=100031 ;

--
-- Daten für Tabelle `user`
--

INSERT INTO `user` (`id`, `name`, `pw`, `Bild`, `email`) VALUES
(1, 'clemens.bachmann', '5e023c62e5862eb82d2756a43e7d7d84', '/bilder_user/clemens.bachmann.JPG', ''),
(5, 'fritzli.bueler', '598d4c200461b81522a3328565c25f7c', '/bilder_user/fritzli.bueler.jpg', 'lucius.bachmann@gmx.ch'),
(37, 'fabian.attinger', '638ffba09467a7bb07cbacfc4557e056', NULL, ''),
(25, 'aaron.krucher', '33d1673ed30c1b530b572b8de781d119', NULL, ''),
(9, 'matthias.halter', '86dc1e43265027301eb8ac6d1388d599', NULL, ''),
(10, 'florian.gubler', '7f7ea8ed4dd97e373b9baf3158fba5a5', '/bilder_user/florian.gubler.JPG', ''),
(11, 'sven.voss', '5e4f4a1c195f42f84abfb843366fd0b0', NULL, ''),
(12, 'c.prim', 'bacb98acf97e0b6112b1d1b650b84971', NULL, ''),
(13, 'marco.schaeuble', '8d5cd8bbf53773966921e90ff1bf434d', NULL, ''),
(36, 'marco.vonraumer', 'bfa63dc97ad562cd2ed86d6248ca5402', NULL, ''),
(17, 'martin.doebeli', '52fc8be693e419db42ee037e47b686f6', NULL, ''),
(19, 'annika.wulkop', 'ce47cecbef38926235675d9e1577ce70', NULL, ''),
(20, 'corinne.graessle', '1201833dab162b8af0cedffafeae9670', NULL, ''),
(21, 'alicia.keller', '3c3590e7f40dbdb06c60b810e344f8b1', NULL, ''),
(22, 'ibrahim.eltakielhomsi', 'f388c708adbed6c6a68fc781a9ae8d61', NULL, ''),
(23, 'simon.walo', '6165f6716474f48e64c3cb7c215d205f', NULL, ''),
(35, 'stefania.maio', 'b78b6d814ba8c809692c5aeb357e0619', NULL, ''),
(34, 'marjanka.aeschlimann', '9c1a7f203d0fb6700f0b4b392eab3005', NULL, ''),
(26, 'm.bleichenbacher', '5e9a30d113092d8224e8b9cc45b8b8a6', NULL, ''),
(27, 'jonas.krucher', '5ca976b2b69aa43d40cc7cf79955e74f', '/bilder_user/jonas.krucher.jpg', ''),
(30, 'tanja.zeller', '9a342a5b9b49eb3af2ca4fc3c363994b', '/bilder_user/tanja.zeller.jpg', ''),
(29, 'c.hemauer', 'e8dea4c0fcf5db0027dd7e60e17363ac', NULL, ''),
(31, 'mladen.ivkovic', 'd76973bf7bcc944034fd28fe43a4336d', '/bilder_user/mladen.ivkovic.jpg', ''),
(32, 'noam.gallmann', '82b5704cdb17210f357b55e6428eca9f', NULL, ''),
(33, 'jens.hunhevicz', 'f4a754cf6627dbafb4755345a729fe27', NULL, ''),
(38, 'nathalie.kaiser', 'f2ffc0dfb85db84e938f15f31dd001da', NULL, ''),
(39, 'ammandip.duggal', 'b4f0dc565bb673aded0d3a424b044b4a', NULL, ''),
(40, 'philipp.albrecht', 'b8be0ad15b47e54501de492abe1b677e', '/bilder_user/philipp.albrecht.png', ''),
(41, 'yves.schaer', '46505a9b89199576489c7855d5c204be', '/bilder_user/yves.schaer.JPG', ''),
(42, 'sabrina.maurer', 'f3e8a350c3e6c52ef82578276175bae7', NULL, ''),
(43, 'sabrina.rigo', '4d779aab1af20791987f3aa460616934', NULL, ''),
(44, 'simon.zeder', 'a2c55793d5ea2e1d7d46249818d0bfa9', NULL, ''),
(45, 'pascal.bebie', 'd8b57a210ea5ee5aefc5f946330c26ae', NULL, ''),
(46, 'dominik.vetsch', 'ab85cfc74db1cde7b17755d333528207', NULL, ''),
(47, 'tobias.kuebler', '4c343175c9fe6af3bf8f15eb9255ccc3', NULL, ''),
(50, 'federico.degiorgi', 'f47f5fa4f6acbe12f3752fe10189c8b0', NULL, ''),
(49, 'dynah.dercole', '77f599700161602deecbe8e73bc969cc', '/bilder_user/dynah.dercole.jpg', 'dynah@gmx.ch'),
(51, 'kieutrang.tran', '0f135fc97e410c0140b74c5f9d29f083', NULL, ''),
(52, 'timothy.schuermann', 'dbdc33e788cd73c196d799466544187d', NULL, ''),
(53, 'andreas.elsener', '2f5118c415c7c52210805d925e30d162', NULL, 'andi.elsener@yahoo.de'),
(54, 'Alexander.Keiser', '5354542dfdfafb74ce0912f9268b7ed7', NULL, ''),
(55, 'marc.wegmann', 'c35126e78ea757c4e8f12637708fc9ec', NULL, ''),
(56, 'ziad.fathallah', 'bd393784d1cb3edbcff9b7a28a0eff78', NULL, ''),
(57, 'tabea.wobmann', 'fb94d2bc3d781759dee44a84d63a2efc', NULL, ''),
(58, 'lorenz.muerner', '575b0b6029f973e4b0b6ed66a10d272a', NULL, ''),
(59, 'nick.schneider', 'b1395cc7d7d686cd1a49f0385d6a44f2', NULL, ''),
(60, 'jana.epprecht', '977ce302e711139663ae641e64f79ded', NULL, ''),
(61, 'preksha.tiwari', 'b038b4cf9083a75c27f0cdac49c914d6', '/bilder_user/preksha.tiwari.', ''),
(62, 'thomas.melc', '107d9bddb57f80d4cac3a72882d30e4f', NULL, ''),
(63, 'clemens.rhiner', '0a3d695f778bff93372f33116cee2e19', NULL, ''),
(64, 'mattia.giarrusso', '5d290794b8e6c570f62aa3cd8c330b4b', NULL, ''),
(65, 'jasmin.hangartner', '09d05fd6a7291a8e25072810a2e08f86', NULL, ''),
(66, 'romain.hintermann', 'e52d95bb47b689ee6833459e96a3dea8', NULL, ''),
(67, 'franz.knobel', 'c94fed15865748fd3ea79a04849aa4d7', NULL, ''),
(68, 'jonas.stehlin', '154cab9ddf2c31dfb5d23f13927f3a68', NULL, ''),
(69, 'elisabeth.blaja', '69862167e54e2fe37b807b0a463e0d79', NULL, ''),
(100000, 'rafae.zbinden', '654c43e268c22d6d2bc9750f80545030', NULL, ''),
(100001, 'raphael.uster', '5f3bffb93c6dd5670d75167e0d7a2bf1', NULL, ''),
(100002, 'maureen.hongsa', '2c055d6d94587e5082708892f863a001', NULL, ''),
(100003, 'r.beon', '0e02a36589cd3a28d59b07c8d4c8aeaa', NULL, ''),
(100028, 'lucius.bachmann', '75d566f21e78c14c7e28a650b244bcf3', '', 'lucius.bachmann@gmx.ch'),
(100004, 'natalie.nussbaum', 'b477b719e3b14dc8b15f6c1d682ace45', '', 'natalie.nussbaum@ksoe.ch'),
(100005, 'seraina.klaus', 'cd68fe67b5df1da0aedef5fc97f420df', '', 'seraina.klaus@ksoe.ch'),
(100006, 'alexander.herren', 'd22cef34068d37c4b33eff05b8fb63f1', '', 'alexander.herren@ksoe.ch'),
(100007, 'jasmine.mathew', '5118503927fc5710ebde3349d5bf238e', '', 'jasmine.mathew@ksoe.ch'),
(100008, 'cintia.venturini', '7828e97cf512564affbe2d16d1a5bdd8', '', 'cintia.venturini@ksoe.ch'),
(100009, 'nina.aerni', 'cebd6c214a75e8906d0333e554954de8', '', 'nina.aerni@ksoe.ch'),
(100010, 'n.aerni', '6cbd8b524eb0abc036b6ced02ef5deae', '', 'n.aerni@ksoe.ch'),
(100011, 'angelica.filippi', 'd59efe2f9c2add8bb9e21b426b308abd', '', 'angelica.filippi@ksoe.ch'),
(100012, 'irina.lehner', '99d1559233d4313fe94ca39ca148b138', '', 'irina.lehner@ksoe.ch'),
(100013, 'elina.ehrensperger', 'b35830f7ab0a39c14ea95a4241db5bff', '', 'elina.ehrensperger@ksoe.ch'),
(100014, 'fangqun.qu', '2ee70833863761bd15ed086ccceee3db', '', 'fangqun.qu@ksoe.ch'),
(100015, 'seraina.graf', '4819b800dfaf1bc45800c35438133ff8', '', 'seraina.graf@ksoe.ch'),
(100016, 'anja.amacher', '314627ba6403925984d2b3d7fa69e1f3', '', 'anja.amacher@ksoe.ch'),
(100017, 'Geertje.Mulders', '379183d9ac194e3077a0c4cb98a61b53', '', 'Geertje.Mulders@ksoe.ch'),
(100018, 'philipp.hegglin', '8943795ea7933474501c4e127f45a4d3', '', 'philipp-hegglin@hotmail.com'),
(100019, 'jacqueline.haller', '62842a8f2a01725419d192d208f951b2', '', 'jacqueline.haller@ksoe.ch'),
(100020, 'till.oehen', '474249a1b6839ca5a6232531d3f2c23b', '', 'till.oehen@ksoe.ch'),
(100021, 'lorina.schudel', 'e1a21d065614d7b1a66a44536ba66397', '', 'lorina.schudel@ksoe.ch'),
(100022, 'liliane.costa', '8099a542dc3d54f558160700a2ffbfda', '', 'liliane.costa@ksoe.ch'),
(100023, 'olivier.benz', '2b7e4aae2876fb3d28d27f53a8fbdb77', '', 'olivier.benz@ksoe.ch'),
(100024, 'alex.bachmann', '598d4c200461b81522a3328565c25f7c', NULL, 'melchtal@gmx.ch'),
(100027, 'simon.schudel', '954e46c557c1d71abe0462931ffa3ccc', '', 'simon.schudel@ksoe.ch'),
(100029, 'ozan.yildirim', 'd2536e10de300a7db4f7ef0698aab822', '', 'ozan-yildirim@hotmail.com'),
(100030, 'amina.hegnauer', 'bc24dd16767c252feafcfe1d18ab331d', '', 'amina.hegnauer@ksoe.ch');

-- --------------------------------------------------------

--
-- Tabellenstruktur für Tabelle `zeit`
--

CREATE TABLE IF NOT EXISTS `zeit` (
  `nachhilfestunden_id` int(5) NOT NULL,
  `zeit` varchar(20) NOT NULL,
  `Montag` varchar(5) default NULL,
  `Dienstag` varchar(5) default NULL,
  `Mittwoch` varchar(5) default NULL,
  `Donnerstag` varchar(5) default NULL,
  `Freitag` varchar(5) default NULL,
  `Samstag` varchar(5) default NULL,
  `Sonntag` varchar(5) default NULL,
  `reihe` int(2) NOT NULL,
  KEY `nachhilfestunden_id` (`nachhilfestunden_id`)
) ENGINE=MyISAM DEFAULT CHARSET=latin1;

--
-- Daten für Tabelle `zeit`
--

INSERT INTO `zeit` (`nachhilfestunden_id`, `zeit`, `Montag`, `Dienstag`, `Mittwoch`, `Donnerstag`, `Freitag`, `Samstag`, `Sonntag`, `reihe`) VALUES
(11, '17:05-18:50', 'on', 'on', '', 'on', 'on', 'on', '', 11),
(11, '16:10-16:55', '', 'on', '', 'on', 'on', 'on', '', 10),
(12, '17:05-18:50', '', '', '', '', '', '', '', 11),
(12, '16:10-16:55', 'on', '', '', 'on', '', '', '', 10),
(12, '15:15-16:00', 'on', '', '', 'on', '', '', '', 9),
(12, '14:20-15:05', '', '', '', '', '', '', '', 8),
(12, '13:25-14:10', '', '', '', '', 'on', '', '', 7),
(12, '12:30-13:15', 'on', '', '', '', 'on', '', '', 6),
(12, '11:35-12:20', 'on', '', '', '', '', '', '', 5),
(11, '13:25-14:10', '', '', '', '', '', 'on', '', 7),
(11, '14:20-15:05', '', '', '', '', '', 'on', '', 8),
(11, '15:15-16:00', '', 'on', '', '', '', 'on', '', 9),
(12, '10:40-11:25', '', '', '', '', '', '', '', 4),
(12, '9:45-10:30', '', '', '', '', '', '', '', 3),
(12, '8:40-9:25', '', '', '', '', '', '', '', 2),
(12, '7:45-8:30', '', 'on', '', '', '', '', '', 1),
(11, '12:30-13:15', '', '', '', '', '', 'on', '', 6),
(11, '11:35-12:20', '', '', '', '', '', '', '', 5),
(11, '10:40-11:25', '', '', '', '', '', '', '', 4),
(11, '9:45-10:30', '', '', '', '', '', '', '', 3),
(11, '8:40-9:25', '', '', '', '', '', '', '', 2),
(11, '7:45-8:30', '', '', '', '', '', '', '', 1),
(14, '7:45-8:30', '', 'on', '', '', '', '', '', 1),
(14, '8:40-9:25', '', '', '', '', '', '', '', 2),
(14, '9:45-10:30', '', '', '', '', '', '', '', 3),
(14, '10:40-11:25', '', '', '', '', '', '', '', 4),
(14, '11:35-12:20', 'on', '', '', '', '', '', '', 5),
(14, '12:30-13:15', 'on', '', '', '', 'on', '', '', 6),
(14, '13:25-14:10', '', '', '', '', 'on', '', '', 7),
(14, '14:20-15:05', '', '', '', '', '', '', '', 8),
(14, '15:15-16:00', 'on', '', '', 'on', '', '', '', 9),
(14, '16:10-16:55', 'on', '', '', 'on', '', '', '', 10),
(14, '17:05-18:50', '', '', '', '', '', '', '', 11),
(16, '7:45-8:30', '', '', '', '', '', '', '', 1),
(16, '8:40-9:25', '', '', '', '', '', '', '', 2),
(16, '9:45-10:30', '', '', '', 'on', '', '', '', 3),
(16, '10:40-11:25', '', '', '', '', '', '', '', 4),
(16, '11:35-12:20', '', '', '', '', '', '', '', 5),
(16, '12:30-13:15', '', '', 'on', '', '', 'on', '', 6),
(16, '13:25-14:10', '', '', '', '', '', '', '', 7),
(16, '14:20-15:05', '', '', '', '', '', '', '', 8),
(16, '15:15-16:00', '', '', '', 'on', '', '', '', 9),
(16, '16:10-16:55', '', '', '', '', '', '', '', 10),
(16, '17:05-18:50', '', '', '', '', '', '', '', 11);
